DEATH,Fri Apr 17 2026
GLOBE,Sat Apr 18 2026
STUFF,Sun Apr 19 2026
RIVAL,Mon Apr 20 2026
BRING,Tue Apr 21 2026
STOCK,Wed Apr 22 2026
BLEED,Thu Apr 23 2026
DREAD,Fri Apr 24 2026
ALIVE,Sat Apr 25 2026
OPIUM,Sun Apr 26 2026
SPEED,Mon Apr 27 2026
ANGRY,Tue Apr 28 2026
FLOAT,Wed Apr 29 2026
BLOOD,Thu Apr 30 2026
HEART,Fri May 01 2026
POWER,Sat May 02 2026
FIRES,Sun May 03 2026
SQUAB,Mon May 04 2026
BLOOD,Tue May 05 2026
SHIFT,Wed May 06 2026
CREAM,Thu May 07 2026
CASES,Fri May 08 2026
READY,Sat May 09 2026
PHONE,Sun May 10 2026
BLOOD,Mon May 11 2026
BLOOD,Tue May 12 2026
IDEAL,Wed May 13 2026
PSYCH,Thu May 14 2026
GLASS,Fri May 15 2026
SPRAY,Sat May 16 2026
CRISP,Sun May 17 2026
PLANT,Mon May 18 2026
BRAVE,Tue May 19 2026
SHINE,Wed May 20 2026
GRACE,Thu May 21 2026
TRUST,Fri May 22 2026
BLISS,Sat May 23 2026
CHILL,Sun May 24 2026
FRESH,Mon May 25 2026
GROVE,Tue May 26 2026
HONEY,Wed May 27 2026
JOLLY,Thu May 28 2026
KNOCK,Fri May 29 2026
LUCKY,Sat May 30 2026
MIGHT,Sun May 31 2026
NOBLE,Mon Jun 01 2026
OASIS,Tue Jun 02 2026
PEACE,Wed Jun 03 2026
QUIET,Thu Jun 04 2026
RIVER,Fri Jun 05 2026
SMILE,Sat Jun 06 2026
TASTE,Sun Jun 07 2026
UNITY,Mon Jun 08 2026
VIVID,Tue Jun 09 2026
WORTH,Wed Jun 10 2026
XENON,Thu Jun 11 2026
YEARN,Fri Jun 12 2026
ZESTY,Sat Jun 13 2026
ABOVE,Sun Jun 14 2026
BRISK,Mon Jun 15 2026
FOOLS,Tue Jun 16 2026
GRAIN,Wed Jun 17 2026
HUMOR,Thu Jun 18 2026
IVORY,Fri Jun 19 2026
JOLLY,Sat Jun 20 2026
KNEAD,Sun Jun 21 2026
LUSTY,Mon Jun 22 2026
MIRTH,Tue Jun 23 2026
GREED,Wed Jun 24 2026
OPTIC,Thu Jun 25 2026
PLUSH,Fri Jun 26 2026
QUICK,Sat Jun 27 2026
RAVEN,Sun Jun 28 2026
STORM,Mon Jun 29 2026
THUMP,Tue Jun 30 2026
UNITE,Wed Jul 01 2026
VIVID,Thu Jul 02 2026
WORRY,Fri Jul 03 2026
YOUNG,Sat Jul 04 2026
ZONAL,Sun Jul 05 2026
ADORE,Mon Jul 06 2026
BLOOM,Tue Jul 07 2026
CHIRP,Wed Jul 08 2026
DROOP,Thu Jul 09 2026
EXIST,Fri Jul 10 2026
FLARE,Sat Jul 11 2026
GRIMY,Sun Jul 12 2026
HATCH,Mon Jul 13 2026
INDIE,Tue Jul 14 2026
JUMPY,Wed Jul 15 2026
KNOLL,Thu Jul 16 2026
LEMON,Fri Jul 17 2026
MORPH,Sat Jul 18 2026
NIFTY,Sun Jul 19 2026
ORBIT,Mon Jul 20 2026
PLAZA,Tue Jul 21 2026
QUIRK,Wed Jul 22 2026
REACT,Thu Jul 23 2026
SCORN,Fri Jul 24 2026
TREND,Sat Jul 25 2026
ULTRA,Sun Jul 26 2026
VOUCH,Mon Jul 27 2026
WISPY,Tue Jul 28 2026
YACHT,Wed Jul 29 2026
ZEBRA,Thu Jul 30 2026
ANGST,Fri Jul 31 2026
BLAST,Sat Aug 01 2026
CRISP,Sun Aug 02 2026
DOUBT,Mon Aug 03 2026
EAGLE,Tue Aug 04 2026
FANCY,Wed Aug 05 2026
GROVE,Thu Aug 06 2026
HAPPY,Fri Aug 07 2026
IMPLY,Sat Aug 08 2026
JOKER,Sun Aug 09 2026
KAPPA,Mon Aug 10 2026
LATCH,Tue Aug 11 2026
MIXER,Wed Aug 12 2026
NORTH,Thu Aug 13 2026
OCTET,Fri Aug 14 2026
PINKY,Sat Aug 15 2026
QUERY,Sun Aug 16 2026
REBEL,Mon Aug 17 2026
STOIC,Tue Aug 18 2026
TIDAL,Fri Apr 17 2026
